Time_to_Town,Distance_to_MainRD,Land_Size(perches),Num_Stories,Floor_area,Num_Beds,Num_Baths,Parking_space,Price,Time_to_Townnan,Distance_to_MainRDnan,Age_Ordinal,Spl_Arch_Design_Ordinal,Garden_size_Ordinal,Located_City_athurugiriya,Located_City_boralesgamuwa,Located_City_dehiwala,Located_City_kottawa,Located_City_kotte,Located_City_malabe,Located_City_moratuwa,Located_City_nugegoda,Located_City_piliyandala,Located_City_thalawathugoda,Complete_stage_Incomplete,Decorations_NoDecorations,Ava_Religious_yes,Ava_Schools_yes,Ava_Hospitals_yes,Ava_Supermarket_yes,Ava_Water_yes,Ava_Electricity_yes,AC/NONAC_yes,Furniture_yes
1.609437912,1.609437912,3.540959324,1,8.188689124,6,4,10,18.31198133,0,0,1,1,3,0,0,1,0,0,0,0,0,0,0,0,1,1,1,1,1,1,1,0,0
1.945910149,5.703782475,1.85629799,2,7.467371067,3,2,2,16.6890752,0,0,4,3,1,0,0,0,0,0,0,0,0,1,0,0,0,1,1,1,1,1,1,0,0
1.791759469,5.991464547,2.803360381,2,7.824046011,4,3,2,17.0736071,0,0,2,2,3,1,0,0,0,0,0,0,0,0,0,0,0,1,0,0,0,1,1,0,1
1.791759469,7.60090246,2.48490665,1,7.673223121,3,3,2,16.78592502,0,0,4,2,1,0,0,0,0,0,1,0,0,0,0,0,0,1,0,0,0,1,1,0,0
2.302585093,5.857933154,2.014903021,2,7.955775782,4,4,2,17.16541465,0,0,4,3,1,0,1,0,0,0,0,0,0,0,0,0,0,1,1,0,1,1,1,1,0
1.609437912,7.279318835,1.945910149,2,8.242756346,4,4,2,17.62217305,0,0,4,3,1,0,0,0,0,0,0,0,0,0,1,1,1,1,1,1,1,0,0,0,0
1.609437912,5.298317367,2.302585093,2,8.070906089,4,4,4,18.42068074,0,0,3,3,2,0,0,0,0,1,0,0,0,0,0,0,0,1,1,1,1,1,1,1,1
1.609437912,5.010635294,2.827313622,2,8.433811582,3,2,2,18.02911854,0,0,1,2,3,0,0,1,0,0,0,0,0,0,0,0,1,1,1,0,1,1,1,0,0
2.302585093,6.907755279,1.871802177,2,7.467371067,4,4,2,16.92902587,0,0,3,3,1,0,0,0,0,0,1,0,0,0,0,0,0,1,1,1,1,1,1,0,0
1.386294361,5.298317367,2.302585093,2,7.740664402,5,3,1,17.86729551,0,0,1,2,1,0,0,0,0,0,0,0,0,0,1,0,1,0,1,1,1,1,1,0,0
1.609437912,5.298317367,2.140066163,1,7.340835554,3,3,1,16.55635058,0,0,4,3,1,0,0,0,0,0,0,0,0,1,0,0,0,1,1,1,1,1,1,0,0
1.609437912,4.605170186,1.871802177,2,8.006367568,5,3,2,16.78592502,0,0,1,3,1,0,0,0,0,0,0,0,0,1,0,0,1,1,1,1,1,1,1,0,1
1.609437912,6.684611728,3.044522438,1,7.522940918,4,2,5,17.03438638,0,0,1,1,3,0,0,0,1,0,0,0,0,0,0,0,1,1,1,1,1,1,1,0,0
1.609437912,5.857933154,2.197224577,2,8.006367568,4,4,2,17.59970019,0,0,1,3,1,0,0,0,0,0,0,0,0,0,1,0,0,1,1,1,1,1,1,1,1
1.609437912,6.309918278,3.314186005,2,8.517193191,6,5,3,17.98989783,0,0,1,2,3,0,0,0,0,0,0,0,0,0,1,0,1,1,1,1,1,1,1,1,0
1.609437912,5.991464547,2.302585093,2,7.60090246,4,4,3,17.55318018,0,0,2,3,2,0,1,0,0,0,0,0,0,0,0,0,0,1,1,1,1,1,1,1,0
1.609437912,6.309918278,2.091864062,2,8.30647216,6,5,2,17.72753356,0,0,1,3,1,0,0,1,0,0,0,0,0,0,0,0,1,1,1,1,1,1,1,1,1
1.609437912,6.684611728,2.708050201,2,8.131530711,4,3,3,17.42642847,0,0,1,3,3,0,0,0,0,0,0,0,0,0,1,0,0,1,1,1,1,1,1,1,1
1.098612289,5.298317367,2.151762203,2,7.937374696,5,3,1,17.11134742,0,0,4,3,1,0,0,0,0,0,0,1,0,0,0,0,0,1,1,1,1,1,1,1,0
1.609437912,5.521460918,2.314513664,2,8.006367568,4,3,2,17.71748323,0,0,4,3,2,0,0,0,0,0,1,0,0,0,0,0,0,1,1,1,1,1,1,1,0
2.302585093,4.605170186,2.302585093,2,8.101677747,4,3,2,17.62217305,0,0,2,3,2,0,0,1,0,0,0,0,0,0,0,0,0,1,1,1,1,1,1,1,0
2.302585093,6.109247583,2.251291799,1,7.102499356,3,1,2,16.61887094,0,0,2,2,2,0,0,0,1,0,0,0,0,0,0,1,1,0,1,1,1,1,1,0,0
2.302585093,7.60090246,2.397895273,1,7.073269717,2,2,2,16.52356076,0,0,1,2,2,0,0,0,1,0,0,0,0,0,0,0,1,0,0,1,1,1,1,0,1
1.609437912,4.605170186,1.945910149,2,7.669028289,4,3,1,16.77561565,0,0,4,3,1,0,0,0,0,0,0,0,0,1,0,0,0,1,1,1,1,1,1,0,0
2.564949357,7.090076836,1.791759469,1,7.003065459,3,1,2,16.11809565,0,0,4,3,1,1,0,0,0,0,0,0,0,0,0,0,1,0,1,0,1,1,1,0,0
1.609437912,6.396929655,2.351375257,1,7.081708586,3,1,1,16.61887094,0,0,1,1,2,0,0,0,0,0,1,0,0,0,0,0,1,1,1,1,1,1,1,0,0
1.386294361,6.214608098,2.656756907,1,7.495541944,3,1,2,17.64415195,0,0,1,2,2,0,0,0,0,0,0,0,0,0,0,0,1,1,1,1,0,1,1,0,1
1.098612289,1.609437912,1.504077397,2,7.60090246,4,2,2,16.90655301,0,0,3,3,1,0,1,0,0,0,0,0,0,0,0,0,0,1,1,1,1,1,1,0,0
2.708050201,1.609437912,2.302585093,2,7.696212639,3,2,5,16.90655301,0,0,1,1,3,0,0,0,1,0,0,0,0,0,0,0,1,0,1,1,1,1,1,0,0
1.609437912,6.109247583,3.208825489,1,7.495541944,4,2,2,18.32637006,0,0,1,1,2,0,0,0,0,0,0,0,1,0,0,0,1,0,0,1,1,1,1,0,0
2.302585093,5.298317367,2.397895273,1,7.60339934,4,3,3,17.56501463,0,0,2,2,2,0,0,1,0,0,0,0,0,0,0,0,1,1,1,1,1,1,1,0,1
1.791759469,5.298317367,2.995732274,2,7.824046011,3,2,2,17.37085862,0,0,2,2,3,0,0,0,0,0,0,0,0,0,1,1,1,1,1,1,1,1,1,0,0
1.791759469,4.605170186,2.48490665,2,8.411832676,4,3,2,17.62217305,0,0,3,3,2,0,0,0,1,0,0,0,0,0,0,0,1,1,1,1,1,1,1,1,1
1.791759469,6.907755279,1.840549633,1,7.299797367,3,3,1,16.25785759,0,0,4,3,1,0,0,0,1,0,0,0,0,0,0,0,0,0,0,1,1,1,1,0,0
2.564949357,6.214608098,2.341805806,2,7.919356191,4,2,4,16.75994954,0,0,3,2,2,0,0,0,0,0,0,0,0,0,1,1,1,0,1,1,0,0,1,0,0
1.609437912,6.684611728,2.005525859,1,7.102499356,2,1,1,15.95557672,0,0,4,2,1,0,0,0,1,0,0,0,0,0,0,1,1,0,1,1,1,0,1,0,0
2.079441542,6.745236349,2.302585093,1,7.909489493,3,2,2,17.72753356,0,0,1,2,1,0,0,0,0,0,0,0,1,0,0,0,0,1,1,0,1,1,1,1,1
2.48490665,7.77569575,2.098017927,2,7.77569575,5,4,2,17.34187108,0,0,2,3,1,0,0,0,0,0,0,0,1,0,0,0,1,1,1,1,1,1,1,1,1
3.401197382,4.787491743,2.302585093,1,7.40367029,3,3,2,16.04552496,0,0,3,2,2,0,0,0,0,0,0,0,0,1,0,0,0,1,1,0,0,1,1,0,0
1.098612289,4.605170186,2.944438979,2,7.937374696,4,2,2,17.21670794,0,0,2,3,3,0,0,0,0,1,0,0,0,0,0,0,0,0,0,1,1,1,1,1,1
1.945910149,6.214608098,2.564949357,2,7.937374696,4,3,4,17.12969656,0,0,2,2,2,0,0,0,0,0,0,0,1,0,0,0,1,1,1,1,1,1,1,0,0
1.609437912,4.605170186,1.791759469,2,7.60090246,4,4,2,16.97251098,0,0,4,3,1,0,0,0,0,0,1,0,0,0,0,0,0,1,1,1,1,1,1,1,0
1.609437912,4.605170186,2.197224577,2,7.863266724,5,3,1,17.3990295,0,0,1,1,1,0,0,0,0,0,0,0,0,0,0,0,1,1,0,1,1,1,1,0,0
1.609437912,4.605170186,2.63905733,2,8.03915739,5,3,3,16.83593544,0,0,1,3,3,1,0,0,0,0,0,0,0,0,0,0,1,1,1,1,1,1,1,0,1
2.302585093,4.605170186,2.197224577,1,7.326465614,3,3,1,16.58809928,0,0,4,2,1,0,0,0,0,0,0,0,0,1,0,0,0,1,1,1,1,1,1,0,0
2.079441542,7.313220387,2.302585093,1,7.60090246,3,2,1,16.16688582,0,0,2,2,1,0,0,0,0,0,0,0,0,1,0,0,1,1,1,1,1,1,1,0,1
1.791759469,6.684611728,1.983756292,1,6.684611728,3,2,2,16.58809928,0,0,1,1,1,0,0,0,0,0,0,0,1,0,0,0,1,0,0,1,0,1,1,0,0
2.302585093,6.396929655,2.079441542,2,8.29404964,4,3,3,17.19990082,0,0,4,3,1,0,0,0,1,0,0,0,0,0,0,0,1,1,1,1,1,1,1,0,0
2.079441542,3.912023005,2.895911938,3,8.699514748,5,6,4,18.72078534,0,0,2,3,3,0,0,0,0,1,0,0,0,0,0,0,0,1,1,1,1,1,1,1,1
1.609437912,5.298317367,2.714694744,2,8.229511119,5,5,3,17.8044946,0,0,1,3,2,0,0,0,0,0,0,0,0,0,1,0,0,1,1,1,1,1,1,1,1
2.079441542,5.298317367,2.302585093,2,8.242756346,6,2,2,17.86729551,0,0,1,2,2,0,0,0,0,0,1,0,0,0,0,0,0,1,1,1,1,1,1,0,1
1.386294361,3.912023005,2.251291799,2,7.60090246,3,2,2,16.97251098,0,0,3,3,2,0,0,0,0,0,0,0,0,1,0,0,0,1,1,1,1,1,1,0,0
1.098612289,6.396929655,2.63905733,1,7.824046011,4,2,5,17.82284374,0,0,1,1,3,0,0,0,0,0,0,0,1,0,0,0,1,0,1,1,1,1,1,0,1
2.079441542,6.109247583,2.708050201,1,8.160518247,4,3,2,17.98989783,0,0,1,1,2,0,0,0,0,0,0,0,1,0,0,0,0,1,1,1,1,1,1,1,0
1.386294361,5.521460918,2.014903021,2,7.863266724,4,3,2,16.97251098,0,0,2,3,1,0,0,0,1,0,0,0,0,0,0,0,0,1,1,1,1,1,1,1,1
1.791759469,4.605170186,2.970414466,2,9.104979856,5,5,5,18.1462439,0,0,1,2,3,0,0,0,0,0,0,0,0,0,0,0,1,1,1,1,1,1,1,1,1
1.098612289,2.995732274,3.218875825,1,7.170119543,2,1,1,17.8044946,0,0,1,2,3,0,0,0,0,1,0,0,0,0,0,0,1,1,1,0,0,1,1,1,1
1.609437912,6.907755279,2.041220329,2,8.101677747,4,4,2,17.59970019,0,0,4,3,1,0,0,0,0,0,0,0,0,0,1,0,0,1,1,1,1,1,1,0,0
1.386294361,6.551080335,2.708050201,2,8.29404964,4,4,6,17.83189358,0,0,3,3,3,0,0,0,0,0,0,0,0,1,0,0,0,1,1,1,1,1,1,1,1
1.791759469,5.703782475,2.564949357,3,8.160518247,4,4,2,17.90985512,0,0,4,3,2,0,0,0,0,1,0,0,0,0,0,0,0,0,1,1,1,1,1,1,0
1.609437912,7.60090246,2.302585093,1,7.154615357,3,2,4,15.95557672,0,0,1,1,2,0,0,0,1,0,0,0,0,0,0,0,1,0,0,1,0,1,1,0,0
1.945910149,7.377758908,2.63905733,2,7.863266724,5,2,3,16.90655301,0,0,1,3,2,0,0,0,1,0,0,0,0,0,0,0,0,1,1,1,1,1,1,0,0
2.708050201,5.703782475,2.302585093,1,7.090076836,3,2,2,16.73328129,0,0,4,2,2,0,0,0,0,0,0,0,0,1,0,0,0,1,1,1,1,1,1,0,0
1.945910149,3.912023005,2.310553263,2,8.29404964,4,4,2,17.18280639,0,0,1,3,1,0,0,0,1,0,0,0,0,0,0,0,0,0,1,1,1,1,1,1,1
1.609437912,6.396929655,2.48490665,2,8.29404964,4,4,2,18.02763816,0,0,4,3,2,0,1,0,0,0,0,0,0,0,0,0,0,1,1,1,1,1,1,1,0
2.302585093,5.521460918,2.302585093,2,8.173575487,5,3,2,16.860033,0,0,2,3,1,0,0,0,0,0,0,0,0,1,0,0,0,1,1,1,1,1,1,0,1
2.197224577,7.090076836,2.564949357,3,8.006367568,5,4,2,17.72753356,0,0,1,2,2,0,0,0,0,0,0,0,1,0,0,0,1,1,1,0,1,1,1,0,0
1.609437912,5.521460918,2.463853241,2,8.242756346,4,3,2,17.42642847,0,0,1,2,1,0,0,0,0,0,0,0,0,0,1,0,0,1,1,1,0,1,1,0,1
2.197224577,5.521460918,2.928523524,3,8.29404964,3,3,6,17.82284374,0,0,1,3,3,0,0,0,0,0,0,0,0,0,1,0,0,1,1,1,1,1,1,1,1
0.693147181,2.302585093,2.140066163,2,7.60090246,2,2,3,17.3990295,0,0,4,3,2,0,0,1,0,0,0,0,0,0,0,1,1,1,1,1,1,1,1,0,0
1.386294361,5.298317367,2.397895273,2,8.101677747,7,4,3,17.18280639,0,0,3,3,2,0,0,0,0,0,0,1,0,0,0,0,0,0,1,1,1,1,1,0,0
1.791759469,5.703782475,2.442347035,3,8.160518247,5,5,2,17.4661688,0,1,1,3,1,0,0,0,0,0,0,0,0,0,1,0,0,1,1,1,1,1,1,1,1
1.609437912,6.214608098,1.909542505,2,8.006367568,4,3,2,16.90655301,0,0,1,2,1,0,0,0,0,0,0,0,1,0,0,1,1,0,1,1,0,1,1,0,0
1.609437912,3.912023005,2.63905733,2,8.160518247,5,5,4,18.30414693,1,0,2,3,3,0,0,0,0,0,0,0,1,0,0,0,0,1,1,1,1,1,1,1,1
1.609437912,5.521460918,3.455685567,2,8.517193191,5,4,8,18.42068074,0,0,2,3,3,0,1,0,0,0,0,0,0,0,0,0,0,0,1,1,1,1,1,1,1
1.386294361,2.995732274,3.135494216,2,8.29404964,6,6,8,18.13299867,0,0,2,3,3,0,0,0,0,0,0,0,0,0,0,0,0,1,1,1,1,1,1,1,1
1.609437912,5.521460918,2.302585093,1,6.791221463,2,1,1,16.19505669,0,0,1,1,2,0,0,0,0,0,0,0,0,1,0,0,0,1,1,1,1,1,1,0,1
2.564949357,3.912023005,2.944438979,2,7.937374696,4,2,2,17.37085862,0,0,1,3,3,0,0,0,1,0,0,0,0,0,0,0,0,1,1,1,1,1,1,1,1
2.197224577,6.309918278,2.028148247,1,6.975413927,3,2,2,16.46875252,0,0,2,2,2,0,0,0,0,0,1,0,0,0,0,0,1,1,0,1,1,1,1,0,0
1.609437912,5.010635294,1.945910149,2,7.552762084,4,2,2,16.48965921,0,0,1,1,1,0,0,0,0,0,1,0,0,0,0,0,1,1,1,1,1,1,1,0,1
1.609437912,5.521460918,2.302585093,2,7.837554361,4,2,3,17.0736071,0,0,1,3,2,0,0,0,0,0,1,0,0,0,0,0,0,1,1,1,1,1,1,1,1
1.609437912,6.214608098,2.302585093,1,7.535830463,3,3,1,16.73328129,0,0,4,2,1,0,0,0,0,0,0,0,0,1,0,0,0,1,1,1,1,1,1,0,0
1.098612289,4.605170186,2.890371758,2,8.779557456,7,4,3,17.98989783,0,0,1,3,2,0,0,0,0,0,0,0,1,0,0,0,1,1,1,1,1,1,1,1,1
2.079441542,7.377758908,2.079441542,3,7.937374696,5,3,2,16.67771144,0,0,3,3,1,0,0,0,0,0,0,1,0,0,0,0,0,0,0,1,1,1,1,1,1
2.302585093,7.60090246,2.079441542,1,7.170119543,3,2,2,16.51687177,0,0,4,3,1,1,0,0,0,0,0,0,0,0,0,0,0,1,0,0,1,1,1,0,0
1.609437912,6.396929655,2.48490665,2,7.207859871,2,3,2,16.61887094,0,0,4,3,1,1,0,0,0,0,0,0,0,0,0,0,0,1,1,0,1,1,1,0,0
2.197224577,2.302585093,2.302585093,3,8.160518247,7,5,3,17.94264494,0,0,1,3,2,0,0,1,0,0,0,0,0,0,0,0,0,0,1,1,1,1,1,1,1
1.791759469,6.214608098,2.197224577,3,8.517193191,6,4,3,17.49181123,0,0,1,2,2,0,0,0,0,0,0,0,1,0,0,1,1,1,0,1,1,1,1,1,1
1.791759469,4.787491743,2.48490665,2,7.60090246,4,2,2,16.21340583,0,0,2,2,2,1,0,0,0,0,0,0,0,0,0,1,1,0,1,0,1,1,1,1,0
2.302585093,6.214608098,2.517696473,1,7.114769448,4,2,3,16.38045992,0,0,1,2,3,0,0,0,1,0,0,0,0,0,0,0,0,1,1,0,0,1,1,0,1
2.48490665,5.298317367,2.397895273,2,8.594154233,8,5,2,17.52908262,0,0,2,3,2,0,0,1,0,0,0,0,0,0,0,0,0,1,1,1,1,1,1,1,1
2.48490665,5.192956851,2.708050201,1,7.090076836,3,1,4,16.3412392,0,0,1,1,3,0,0,0,0,0,0,0,0,1,0,0,1,1,1,0,1,1,1,0,1
1.791759469,5.298317367,2.079441542,2,7.789454566,3,3,3,16.90655301,0,0,4,3,2,0,0,0,0,0,0,0,0,1,0,0,0,1,1,1,1,1,1,1,0
2.302585093,7.549609165,1.098612289,1,6.620073207,2,1,0,15.95557672,0,0,1,1,1,0,0,0,0,0,0,0,1,0,0,0,1,0,0,0,1,1,1,0,0
1.386294361,5.857933154,2.004179057,2,7.377758908,4,2,1,17.01418368,0,0,1,2,1,0,0,0,0,0,0,1,0,0,0,0,1,1,1,1,1,1,1,1,1
1.609437912,5.857933154,2.302585093,3,8.491054534,5,4,1,17.90148687,0,0,1,2,1,0,0,0,0,0,1,0,0,0,0,1,1,1,1,1,1,1,1,0,0
2.995732274,6.802394763,2.995732274,2,7.874739125,4,2,7,16.860033,0,0,1,2,3,0,0,0,0,0,0,1,0,0,0,0,0,0,0,1,1,1,1,0,1
1.609437912,7.60090246,2.388762789,1,7.170119543,3,2,2,16.41820024,0,0,2,2,2,1,0,0,0,0,0,0,0,0,0,0,0,1,1,0,1,1,1,0,1
1.791759469,5.521460918,2.302585093,2,8.070906089,4,3,2,17.62217305,0,0,1,3,2,0,0,0,0,0,1,0,0,0,0,0,0,1,1,1,1,1,1,1,1
1.609437912,7.824046011,2.708050201,2,8.006367568,4,4,6,17.77632373,0,0,3,3,2,0,0,0,0,0,0,0,0,0,1,0,0,1,1,1,1,1,1,0,0
1.609437912,3.912023005,2.351375257,2,8.006367568,5,2,2,16.74936743,0,0,1,3,2,1,0,0,0,0,0,0,0,0,0,0,0,1,0,0,1,1,1,0,0
1.945910149,6.214608098,1.945910149,2,8.160518247,4,3,2,17.4661688,0,0,1,2,1,0,0,0,0,1,0,0,0,0,0,0,0,0,0,1,1,1,1,1,0
2.197224577,7.003065459,1.945910149,1,7.824046011,4,2,1,16.45456789,0,0,1,1,1,0,0,0,0,0,0,0,1,0,0,0,1,1,0,1,1,1,1,0,0
2.302585093,5.298317367,1.887069649,1,7.377758908,3,2,0,16.95100477,0,0,1,1,1,0,0,1,0,0,0,0,0,0,0,0,1,0,0,1,0,1,1,1,0
1.609437912,2.995732274,2.63905733,2,7.937374696,5,3,2,17.57671067,0,0,2,3,3,0,0,0,0,0,0,0,0,0,0,0,0,1,1,1,1,1,1,0,1
1.609437912,6.396929655,2.525728644,1,7.313220387,3,2,1,16.51013774,0,0,1,2,1,0,0,0,0,0,1,0,0,0,0,0,1,0,1,1,0,1,1,0,0
1.945910149,6.214608098,2.00148,1,7.60090246,2,2,1,16.73328129,0,0,1,2,2,1,0,0,0,0,0,0,0,0,0,0,1,1,1,1,1,1,1,0,0
2.197224577,7.377758908,2.720637317,2,7.824046011,4,3,3,17.0736071,0,0,1,3,2,0,0,0,1,0,0,0,0,0,0,0,1,0,1,1,1,1,1,1,1
1.609437912,5.703782475,1.945910149,2,8.006367568,5,4,1,16.97251098,1,1,2,3,1,0,0,0,0,0,0,0,0,1,0,0,1,1,1,1,1,1,1,0,1
1.609437912,5.521460918,2.772588722,2,7.824046011,5,3,3,17.02635421,0,0,2,3,2,0,0,0,1,0,0,0,0,0,0,0,0,1,1,1,1,1,1,1,1
1.609437912,5.521460918,1.916922612,2,7.696212639,3,2,2,17.01418368,0,0,2,3,1,0,0,0,0,0,0,1,0,0,0,0,0,0,1,1,1,1,1,1,1
1.609437912,6.684611728,1.871802177,2,7.60090246,3,3,1,16.860033,0,0,4,3,1,1,0,0,0,0,0,0,0,0,0,0,0,1,1,1,1,1,1,0,0
2.302585093,6.396929655,2.104134154,3,8.070906089,6,4,2,17.72753356,0,0,1,2,2,0,0,1,0,0,0,0,0,0,0,0,0,1,1,1,1,1,1,0,1
1.609437912,7.824046011,2.302585093,1,7.244227516,3,2,2,16.92902587,0,0,1,2,2,0,0,0,0,0,1,0,0,0,0,0,0,0,1,1,1,1,1,1,1
2.302585093,5.010635294,2.833213344,1,7.60090246,4,2,10,16.52356076,0,0,4,2,3,1,0,0,0,0,0,0,0,0,0,0,0,1,0,0,1,1,1,0,0
2.302585093,6.802394763,2.944438979,2,8.242756346,4,3,2,17.37085862,0,0,1,2,2,0,0,0,0,0,0,0,0,0,1,0,1,1,1,1,1,1,1,0,1
2.890371758,6.907755279,3.261935314,1,7.467371067,3,2,4,16.41820024,0,0,1,1,3,0,0,0,0,0,0,0,0,0,1,0,1,0,0,0,0,1,1,0,0
1.945910149,7.60090246,1.824549292,1,7.299797367,3,2,1,16.25785759,0,0,4,2,1,0,0,0,1,0,0,0,0,0,0,0,1,0,1,1,1,1,1,0,0
1.098612289,5.521460918,2.302585093,2,7.937374696,4,4,3,17.18280639,0,0,4,3,2,1,0,0,0,0,0,0,0,0,0,0,0,1,1,0,1,1,1,1,0
1.386294361,5.298317367,2.58021683,2,8.522379718,8,5,3,17.56501463,0,0,1,2,2,0,0,0,0,0,0,0,1,0,0,0,0,1,1,1,1,1,1,0,1
1.386294361,5.521460918,2.564949357,2,8.006367568,5,2,2,17.43985149,0,0,2,2,2,0,0,0,0,0,0,0,0,0,0,0,1,1,1,0,1,1,1,0,0
1.945910149,6.907755279,2.48490665,2,8.38935982,5,5,6,17.98989783,0,0,4,3,3,0,1,0,0,0,0,0,0,0,0,0,0,1,1,0,1,1,1,1,0
2.302585093,5.298317367,1.078409581,2,6.684611728,2,2,0,16.16688582,0,0,1,1,1,0,0,1,0,0,0,0,0,0,0,0,1,1,1,1,1,1,1,0,0
1.609437912,3.912023005,2.397895273,2,8.216088099,7,6,2,17.65496287,0,0,2,3,2,0,0,1,0,0,0,0,0,0,0,0,0,1,1,1,1,1,1,1,1
1.386294361,3.688879454,1.791759469,2,8.006367568,5,3,1,17.34187108,0,0,1,2,1,0,0,1,0,0,0,0,0,0,0,0,0,1,1,1,1,1,1,0,1
2.48490665,6.214608098,2.302585093,1,7.090076836,2,1,3,16.92902587,0,0,1,1,2,0,0,0,0,0,0,0,0,0,1,0,1,0,1,1,0,1,1,0,0
1.791759469,4.605170186,2.302585093,2,8.29404964,4,4,3,17.82284374,0,0,1,3,2,0,0,0,0,0,0,0,1,0,0,0,1,1,1,1,1,1,1,1,0
1.609437912,5.991464547,2.1102132,1,7.377758908,3,2,1,16.58809928,0,0,2,2,1,0,1,0,0,0,0,0,0,0,0,0,1,1,1,1,1,1,1,0,1
1.791759469,6.396929655,2.32238772,1,7.783224016,3,3,3,16.61887094,0,0,1,2,2,0,0,0,0,0,0,0,0,0,1,0,1,1,1,1,1,1,1,0,1
2.302585093,3.218875825,2.844909384,2,7.649692624,5,2,2,16.61887094,0,0,1,2,3,0,0,0,1,0,0,0,0,0,0,0,1,1,1,1,1,1,1,0,1
2.302585093,6.684611728,1.945910149,1,6.956545443,3,1,1,15.73243317,0,0,2,2,1,0,0,0,0,0,1,0,0,0,0,1,1,0,0,1,1,1,1,0,0
2.302585093,5.703782475,1.147402453,2,6.551080335,3,1,0,15.77560534,0,0,1,1,1,0,0,0,0,0,0,0,1,0,0,1,1,1,1,1,1,1,1,0,0
1.098612289,6.396929655,3.275256158,2,8.411832676,5,5,10,17.98989783,0,0,1,3,3,0,0,0,1,0,0,0,0,0,0,0,1,1,1,1,1,1,1,0,1
1.791759469,7.313220387,1.945910149,2,7.13089883,3,2,2,17.09265529,0,0,4,3,1,0,0,0,0,0,1,0,0,0,0,0,0,1,1,1,1,1,1,0,0
1.609437912,6.109247583,2.197224577,2,7.740664402,4,3,2,16.92902587,0,0,2,2,2,0,0,0,0,0,0,1,0,0,0,0,0,0,1,0,1,1,1,0,1
2.302585093,5.703782475,2.302585093,3,8.006367568,4,4,4,17.69707436,0,0,4,3,2,0,0,0,0,0,0,0,0,0,1,0,0,1,1,1,1,1,1,0,0
2.079441542,5.991464547,2.251291799,1,7.090076836,2,1,2,16.21340583,0,0,1,1,1,0,0,0,0,0,1,0,0,0,0,0,1,0,0,1,1,1,1,0,0
1.945910149,6.551080335,2.251291799,2,7.774855767,4,3,2,17.0736071,0,0,3,3,2,0,0,0,1,0,0,0,0,0,0,0,0,0,1,1,1,1,1,0,0
1.609437912,6.802394763,2.219203484,2,8.411832676,5,4,0,17.45309672,0,0,1,2,1,0,0,0,0,0,0,0,1,0,0,0,1,0,1,1,1,1,1,0,0
1.609437912,1.609437912,2.140066163,2,8.006367568,4,4,3,17.16541465,0,0,4,3,2,0,1,0,0,0,0,0,0,0,0,0,0,1,1,0,1,1,1,0,0
1.098612289,4.605170186,2.251291799,2,8.160518247,5,5,2,17.43985149,0,0,4,3,1,0,0,0,0,0,0,1,0,0,0,0,0,1,1,1,1,1,1,1,0
2.63905733,7.313220387,1.609437912,1,6.684611728,3,2,0,15.86963429,0,0,1,1,1,0,0,0,1,0,0,0,0,0,0,0,1,0,0,1,1,1,1,1,0
2.302585093,6.551080335,2.708050201,2,8.006367568,7,3,3,17.70733086,0,0,1,2,2,0,0,0,0,0,0,0,1,0,0,0,1,1,1,1,1,1,1,0,0
1.609437912,6.856461985,2.890371758,2,8.987196821,5,5,4,18.92145603,0,0,2,3,3,0,0,0,0,0,0,0,1,0,0,0,0,1,1,1,1,1,1,1,1
1.098612289,4.605170186,2.433613355,1,7.549609165,4,2,2,16.73328129,0,0,3,2,2,0,0,0,0,0,1,0,0,0,0,0,0,1,1,1,1,1,1,1,0
1.609437912,2.302585093,2.302585093,2,8.411832676,7,7,3,17.86729551,0,0,1,2,1,0,0,1,0,0,0,0,0,0,0,0,1,1,1,1,1,1,1,1,0
2.302585093,6.109247583,0.741937345,3,6.396929655,5,3,0,16.63091928,0,0,1,1,1,0,0,0,0,0,0,0,1,0,0,1,1,0,0,1,1,1,1,0,0
2.197224577,8.006367568,2.397895273,1,7.909122183,3,2,1,16.06680236,0,0,1,1,1,0,0,0,0,0,1,0,0,0,0,0,1,1,0,0,0,1,1,0,0
1.609437912,6.907755279,2.48490665,3,8.29404964,5,5,3,17.98989783,0,0,2,3,2,0,0,0,0,0,0,0,1,0,0,0,1,1,1,1,1,1,1,1,0
2.302585093,6.684611728,2.079441542,1,7.495541944,3,3,1,16.52356076,0,0,2,2,1,0,0,0,1,0,0,0,0,0,0,1,1,1,0,1,1,1,1,0,0
1.609437912,5.298317367,2.397895273,2,8.612503371,4,4,4,18.03501826,0,0,2,3,2,0,0,0,0,0,0,0,1,0,0,0,0,1,1,1,1,1,1,1,1
2.397895273,4.605170186,1.791759469,3,8.411832676,5,5,2,17.4790722,0,0,2,2,1,0,0,1,0,0,0,0,0,0,0,0,1,1,1,1,1,1,1,0,0
1.098612289,6.214608098,1.848454813,2,7.60090246,4,3,2,16.92902587,0,0,3,2,1,0,0,0,0,0,1,0,0,0,0,0,0,1,1,1,1,1,1,0,0
1.609437912,3.912023005,1.791759469,2,7.740664402,3,2,1,17.43985149,0,0,3,3,1,0,0,0,0,0,0,0,0,0,0,0,0,0,1,1,1,1,1,1,1
2.197224577,4.605170186,1.504077397,1,7.313220387,2,2,1,17.14771507,0,0,1,1,1,0,0,1,0,0,0,0,0,0,0,0,1,1,1,1,1,1,1,0,0
1.609437912,6.802394763,2.442347035,1,7.340186835,3,2,1,16.48965921,0,0,4,2,2,0,0,0,0,0,0,0,0,1,0,0,1,1,1,1,1,1,1,0,0
1.791759469,7.090076836,2.541601993,2,7.863266724,3,2,2,17.24949776,0,0,1,3,2,0,0,0,0,0,0,0,1,0,0,0,0,0,1,1,1,1,1,0,1
2.197224577,3.912023005,2.459588842,2,8.02289687,5,4,2,18.0051653,0,0,1,2,2,0,0,0,0,1,0,0,0,0,0,0,1,1,1,1,1,1,1,1,1
0.693147181,4.382026635,2.721953106,2,8.517193191,4,4,2,18.04961706,0,0,1,3,2,0,1,0,0,0,0,0,0,0,0,0,0,1,1,1,1,1,1,1,0
1.945910149,5.703782475,2.833213344,2,8.29404964,4,3,4,17.74733619,0,0,1,2,3,0,0,0,0,0,0,0,1,0,0,0,1,1,0,1,1,1,1,1,1
2.63905733,5.991464547,2.708050201,1,7.13089883,3,2,2,16.09789294,0,0,3,2,2,0,0,0,0,0,0,0,0,1,0,0,1,1,1,1,1,1,1,0,1
2.995732274,5.298317367,3.17805383,2,8.29404964,4,3,5,16.53680599,0,0,1,2,3,0,0,0,1,0,0,0,0,0,0,1,1,1,0,1,1,1,1,0,0
1.609437912,5.703782475,2.917770732,2,8.242756346,5,4,3,17.893048,0,0,4,3,3,0,0,0,0,0,0,1,0,0,0,0,0,1,1,1,1,1,1,1,0
2.197224577,2.995732274,1.791759469,3,7.60090246,5,6,2,17.50439001,0,0,3,2,1,0,0,1,0,0,0,0,0,0,0,0,1,1,0,1,1,1,1,0,0
1.609437912,5.298317367,2.079441542,1,7.090076836,2,2,2,16.61887094,0,0,1,2,2,0,1,0,0,0,0,0,0,0,0,0,1,1,1,0,1,1,1,0,0
1.609437912,5.521460918,2.233235015,3,8.200562797,5,3,2,17.62217305,0,0,4,3,2,0,0,0,0,1,0,0,0,0,0,1,0,0,1,1,1,1,1,0,0
1.945910149,6.214608098,2.302585093,2,8.216088099,4,3,3,17.55318018,0,0,1,3,2,0,0,0,0,0,0,0,1,0,0,0,1,1,1,1,1,1,1,1,0
1.609437912,6.214608098,2.708050201,3,8.853665428,7,4,3,17.98989783,0,0,2,3,2,0,1,0,0,0,0,0,0,0,0,0,0,1,1,1,1,1,1,1,1
2.079441542,5.991464547,2.302585093,1,7.090076836,3,1,1,16.00156183,0,0,1,1,1,0,0,0,0,0,1,0,0,0,0,1,1,0,0,1,1,1,1,0,1
0.693147181,3.912023005,2.186051277,2,8.006367568,7,5,2,17.31201812,0,0,3,3,1,0,1,0,0,0,0,0,0,0,0,0,1,1,1,0,1,1,1,1,0
2.197224577,5.703782475,2.63905733,2,8.29404964,5,4,2,18.13299867,0,1,4,3,2,0,0,0,0,0,0,0,0,0,1,1,1,1,1,1,1,1,1,0,0
2.079441542,6.476972363,2.525728644,2,8.006367568,5,4,3,17.4790722,0,0,1,3,2,0,0,0,0,0,1,0,0,0,0,0,0,0,0,1,1,1,1,1,1
1.609437912,6.396929655,2.079441542,2,8.006367568,5,3,2,17.19990082,0,0,1,2,1,0,0,0,0,1,0,0,0,0,0,0,0,1,1,1,1,1,1,1,1
1.609437912,4.605170186,3.039749159,1,7.60090246,3,2,5,17.70967505,0,0,1,1,3,0,0,0,0,0,0,0,0,0,1,0,1,1,1,0,1,1,1,0,1
0.693147181,6.551080335,2.079441542,2,7.937374696,4,4,1,17.31201812,0,0,4,3,1,0,0,0,1,0,0,0,0,0,0,0,0,1,1,1,1,1,1,1,0
1.386294361,3.912023005,2.48490665,2,7.60090246,4,3,3,17.4790722,0,0,2,3,2,0,0,0,0,0,0,0,0,1,0,0,0,1,1,1,1,1,1,0,1
2.63905733,6.551080335,2.69934576,1,7.047517221,3,1,1,15.95557672,0,0,1,2,2,0,0,0,0,0,0,0,0,1,0,0,1,1,1,1,1,1,1,0,1
1.609437912,6.551080335,2.302585093,2,7.824046011,3,2,4,17.62217305,0,0,1,3,2,0,0,0,0,0,0,0,1,0,0,0,1,1,1,1,1,0,1,1,1
1.945910149,5.857933154,2.074429,3,7.681099002,5,4,1,17.82284374,0,0,2,3,1,0,0,0,0,0,0,0,0,0,0,0,0,1,1,1,1,1,1,1,1
2.302585093,5.010635294,2.237513096,3,8.14612951,3,3,2,17.85856183,0,0,3,3,1,0,0,0,0,0,0,0,0,0,1,0,1,1,1,1,1,1,1,1,0
2.302585093,5.298317367,2.079441542,2,7.937374696,4,4,3,16.75994954,0,0,4,3,1,0,0,0,1,0,0,0,0,0,0,1,1,0,0,0,1,1,1,1,0
1.609437912,5.298317367,2.424802726,3,8.29404964,8,6,4,17.90985512,0,0,2,3,3,0,0,1,0,0,0,0,0,0,0,0,0,1,1,1,1,1,1,1,1
1.609437912,7.824046011,2.302585093,1,7.242082359,3,2,2,16.95100477,0,0,1,2,1,0,0,0,0,0,1,0,0,0,0,0,0,1,1,1,0,1,1,1,1
2.995732274,6.684611728,2.63905733,2,7.003065459,3,1,1,16.21340583,0,0,1,1,2,0,0,0,0,0,0,0,0,1,0,1,1,1,0,1,1,1,1,0,1
1.791759469,5.521460918,2.302585093,2,8.342839804,4,4,2,17.71748323,0,0,4,3,1,0,0,0,0,0,0,0,0,0,1,0,0,1,1,1,1,1,1,1,0
0.693147181,5.298317367,2.960105096,2,7.824046011,4,3,4,17.57671067,0,0,1,1,3,0,0,0,0,0,0,1,0,0,0,0,1,1,0,1,1,1,1,0,0
1.609437912,5.010635294,1.791759469,2,7.649692624,4,4,2,16.83593544,0,0,4,3,1,1,0,0,0,0,0,0,0,0,0,0,0,0,1,0,1,1,1,0,0
1.609437912,2.995732274,2.079441542,1,7.047517221,3,2,2,16.21340583,1,0,3,2,2,1,0,0,0,0,0,0,0,0,0,0,0,0,0,0,0,1,1,0,1
1.098612289,5.010635294,2.140066163,2,8.160518247,4,4,2,17.37085862,0,0,4,3,1,0,0,0,0,0,0,0,0,1,0,0,0,1,1,1,1,1,1,1,0
2.197224577,5.521460918,2.302585093,2,8.476371197,4,3,2,17.42642847,0,0,1,3,1,0,0,0,0,0,1,0,0,0,0,0,1,1,1,1,0,1,1,0,0
1.945910149,2.995732274,2.931193752,2,8.29404964,6,4,4,17.98989783,0,0,2,3,3,0,0,0,0,1,0,0,0,0,0,0,0,1,1,1,1,1,1,1,0
2.397895273,3.912023005,2.949688335,2,7.170119543,5,4,10,18.04961706,0,0,1,1,3,0,0,1,0,0,0,0,0,0,0,0,1,1,1,1,1,1,1,0,0
1.098612289,3.912023005,2.995732274,2,8.006367568,4,3,7,17.77632373,0,0,1,2,3,0,0,0,0,0,0,0,0,0,1,0,1,1,1,1,1,1,1,0,0
1.609437912,7.279318835,2.302585093,1,7.467371067,2,1,3,16.21340583,0,0,1,1,2,0,0,0,0,0,1,0,0,0,0,0,1,0,1,1,1,1,1,0,0
1.098612289,3.912023005,2.302585093,2,7.972466016,4,3,2,16.97251098,0,0,2,3,2,1,0,0,0,0,0,0,0,0,0,0,0,1,1,0,1,1,1,1,1
2.302585093,6.214608098,2.351375257,3,8.612503371,5,5,4,17.98989783,0,0,3,3,2,0,1,0,0,0,0,0,0,0,0,0,0,0,1,1,1,1,1,1,0
1.609437912,6.214608098,2.433613355,1,7.937374696,4,1,4,16.88356349,0,0,1,1,3,0,1,0,0,0,0,0,0,0,0,0,1,0,1,1,1,1,1,0,0
1.609437912,5.703782475,2.197224577,1,7.34601021,3,3,5,16.48965921,0,0,4,2,2,0,0,0,0,0,1,0,0,0,0,0,0,1,1,1,1,1,1,1,0
1.609437912,3.912023005,2.48490665,2,7.60090246,4,3,3,16.73328129,0,0,3,3,2,0,0,0,1,0,0,0,0,0,0,0,0,1,0,1,1,1,1,0,0
1.609437912,6.907755279,2.901421594,2,7.863266724,4,3,4,16.75994954,0,0,1,2,2,1,0,0,0,0,0,0,0,0,0,0,1,1,0,0,1,1,1,0,0
1.609437912,5.703782475,2.014903021,1,7.313220387,3,3,2,16.73328129,0,0,4,3,1,0,0,0,0,0,1,0,0,0,0,0,0,1,1,1,1,1,1,0,0
1.791759469,7.339537695,2.302585093,2,7.377758908,4,2,2,16.95100477,0,0,1,2,2,0,0,0,0,0,0,0,1,0,0,0,1,0,0,0,1,1,1,0,1
2.708050201,7.824046011,1.791759469,3,8.074337694,5,6,0,16.73328129,0,0,3,3,1,0,0,0,0,0,0,0,0,1,0,0,0,1,0,0,1,1,1,0,1
1.609437912,7.313220387,2.63905733,2,8.070906089,5,3,3,17.11134742,0,0,1,2,3,0,0,0,0,0,1,0,0,0,0,0,1,1,1,1,1,1,1,0,1
2.302585093,7.313220387,3.597312261,2,7.783224016,4,4,2,17.327056,0,0,1,2,3,0,0,0,0,0,0,0,0,0,1,0,1,1,1,1,1,1,1,1,1
0.693147181,2.995732274,2.302585093,2,8.242756346,3,3,3,17.03438638,0,0,2,3,2,1,0,0,0,0,0,0,0,0,0,0,0,1,1,1,1,1,1,1,1
1.609437912,2.995732274,2.014903021,2,7.649692624,6,2,2,16.61887094,0,0,2,3,1,1,0,0,0,0,0,0,0,0,0,0,0,1,1,0,1,1,1,0,1
1.386294361,6.214608098,2.397895273,1,7.090076836,3,2,2,16.48965921,0,0,1,1,1,0,0,0,0,0,1,0,0,0,0,0,1,1,1,1,0,1,1,0,0
2.079441542,5.298317367,2.525728644,1,7.426549072,4,2,4,16.3412392,0,0,2,2,2,0,0,0,1,0,0,0,0,0,0,0,0,0,1,1,1,1,1,0,1
1.791759469,4.605170186,3.149740086,2,8.160518247,4,3,4,18.06386293,0,0,2,3,3,0,0,1,0,0,0,0,0,0,0,0,1,1,0,1,1,1,1,1,0
1.609437912,7.244227516,2.772588722,1,7.696212639,3,2,2,17.28124646,0,0,1,3,3,0,0,0,1,0,0,0,0,0,0,0,0,0,1,1,1,1,1,0,1
0.693147181,5.991464547,1.098612289,3,8.411832676,6,4,0,17.82284374,0,0,1,2,1,0,0,0,0,0,0,0,1,0,0,0,1,1,1,1,1,1,1,0,0
1.609437912,5.298317367,2.379546134,1,7.467371067,3,2,2,17.62217305,0,0,1,1,3,0,0,0,0,0,0,0,0,0,0,0,1,1,1,1,0,1,1,0,0
2.302585093,5.298317367,3.091042453,3,8.411832676,5,4,3,18.56044269,0,0,3,3,3,0,0,0,0,0,0,0,0,0,1,0,0,1,1,1,1,1,1,1,0
1.609437912,5.703782475,2.397895273,2,8.242756346,5,4,4,17.62217305,0,1,2,3,2,0,0,0,0,0,0,0,0,0,1,0,0,1,1,1,1,1,1,1,0
1.098612289,5.298317367,1.871802177,2,7.426549072,3,2,2,16.99356439,0,0,1,3,1,0,0,0,1,0,0,0,0,0,0,0,0,1,1,1,1,1,1,1,1
1.945910149,5.703782475,3.433987204,1,8.160518247,4,4,4,18.81811368,0,0,3,3,3,0,0,0,0,0,0,0,0,0,0,0,0,1,1,1,1,1,1,1,0
1.609437912,3.912023005,2.944438979,2,8.053569169,4,4,8,17.11134742,0,0,4,3,3,0,0,0,0,0,0,0,0,1,0,0,0,1,1,1,1,1,1,1,0
1.098612289,6.551080335,2.397895273,3,8.366370302,4,4,2,17.03438638,0,0,1,2,1,0,0,0,0,0,1,0,0,0,0,0,0,1,1,1,1,1,1,1,1
1.098612289,5.703782475,3.17805383,3,8.29404964,6,7,6,18.951309,0,0,3,3,3,0,0,0,0,0,0,0,0,0,1,0,0,1,1,1,1,1,1,1,0
1.609437912,3.912023005,2.708050201,2,7.901007052,3,2,2,17.28124646,0,0,1,3,2,0,0,0,0,0,0,0,0,0,1,0,0,1,1,1,1,1,1,1,1
2.302585093,6.684611728,2.079441542,2,7.116394144,2,2,2,16.51013774,0,0,2,2,1,0,0,0,0,0,1,0,0,0,0,1,1,1,0,0,1,1,1,1,0
1.386294361,4.605170186,2.140066163,2,7.937374696,6,3,2,16.99356439,0,0,2,2,1,0,0,0,0,0,0,1,0,0,0,0,0,1,0,1,1,1,1,0,1
2.079441542,5.298317367,3.401197382,3,8.987196821,5,5,10,19.06253463,0,0,1,3,3,0,0,0,0,0,0,0,1,0,0,0,0,1,1,1,1,1,1,1,1
1.098612289,5.991464547,1.945910149,3,8.160518247,4,5,2,17.72753356,0,0,3,3,1,0,0,0,0,0,0,0,1,0,0,0,0,1,1,1,1,1,1,1,1
1.791759469,6.214608098,2.079441542,1,7.313220387,3,3,3,16.48965921,0,0,4,2,2,0,0,0,0,0,0,0,0,1,0,0,1,1,1,1,1,1,1,0,0
1.386294361,5.298317367,2.995732274,2,8.14612951,6,3,4,16.92902587,0,0,1,2,3,0,0,0,0,0,1,0,0,0,0,0,1,1,1,1,1,1,1,0,1
1.609437912,4.605170186,2.282382386,1,7.824046011,3,2,2,17.56501463,0,0,2,2,2,0,0,1,0,0,0,0,0,0,0,0,0,1,1,1,1,1,1,1,1
1.386294361,6.396929655,1.609437912,1,7.313220387,2,1,1,16.30041721,0,0,1,1,1,0,0,1,0,0,0,0,0,0,0,0,1,0,1,0,1,1,1,0,1
0.693147181,4.248495242,2.2300144,2,7.60090246,8,4,3,17.62217305,0,0,2,2,2,0,0,0,0,0,0,0,0,0,0,0,0,1,1,1,1,1,1,0,1
2.772588722,5.298317367,1.791759469,1,7.090076836,3,3,1,16.45456789,0,0,4,2,1,0,0,0,0,0,1,0,0,0,0,0,1,0,0,0,0,1,1,0,0
1.609437912,7.244227516,2.302585093,2,7.816013839,4,4,2,17.14771507,0,0,4,3,2,0,0,0,1,0,0,0,0,0,0,0,0,1,1,1,1,1,1,1,0
2.079441542,5.857933154,1.386294361,1,6.620073207,3,1,0,16.67771144,0,0,1,1,1,0,0,0,0,0,0,0,1,0,0,1,1,0,0,1,1,1,1,0,0
2.708050201,7.313220387,3.696351469,1,8.160518247,6,6,15,17.62217305,0,0,1,1,3,0,0,0,0,0,0,1,0,0,0,0,1,1,0,0,1,1,1,0,1
1.791759469,3.912023005,2.302585093,2,7.824046011,3,3,2,17.45309672,0,0,2,2,2,0,0,1,0,0,0,0,0,0,0,0,1,0,1,1,1,1,1,0,1
2.302585093,6.802394763,2.302585093,2,8.160518247,6,4,1,17.62217305,0,0,1,3,1,0,0,0,0,0,0,0,1,0,0,0,0,0,1,1,1,1,1,1,1
1.609437912,2.995732274,2.803360381,2,8.160518247,6,4,3,17.67624027,0,0,2,3,2,0,0,0,0,0,0,0,1,0,0,0,1,1,1,1,1,1,1,1,1
2.708050201,6.907755279,2.302585093,1,7.467371067,2,1,2,16.61887094,0,0,4,2,1,0,0,0,0,0,0,0,0,0,1,1,1,0,0,0,1,1,1,0,0
1.609437912,3.912023005,1.840549633,2,7.549609165,3,3,2,16.83593544,0,0,4,3,1,1,0,0,0,0,0,0,0,0,0,0,0,1,1,0,1,1,1,1,0
2.302585093,6.684611728,2.397895273,1,7.536363938,4,3,2,16.73328129,0,0,4,3,2,0,0,0,0,0,0,0,0,1,0,0,1,1,1,1,1,1,1,1,0
2.302585093,7.60090246,2.890371758,1,7.495541944,3,2,3,16.96396392,0,0,3,2,3,1,0,0,0,0,0,0,0,0,0,0,0,1,1,0,1,1,1,0,0
2.48490665,4.49980967,2.879198457,1,7.495541944,3,1,5,17.70630993,0,0,1,1,3,0,0,0,0,0,0,0,1,0,0,0,1,0,1,1,1,1,1,0,1
1.609437912,5.703782475,2.074429,3,7.696212639,5,4,2,17.82284374,0,0,2,3,1,0,0,0,0,0,0,0,0,0,0,0,0,1,1,1,1,1,1,0,1
2.302585093,5.010635294,2.785011242,2,8.188689124,6,4,2,17.327056,0,0,3,3,2,0,0,0,1,0,0,0,0,0,0,0,0,1,1,1,1,1,1,1,0
1.609437912,5.521460918,3.174296781,2,8.421783007,6,5,2,18.13299867,0,0,1,3,3,0,0,1,0,0,0,0,0,0,0,0,0,1,1,1,1,1,1,1,1
1.609437912,5.298317367,3.0301337,3,8.665613197,6,4,3,17.72753356,1,0,3,3,3,0,0,0,0,0,0,1,0,0,0,0,0,1,1,1,1,1,1,1,1
0.693147181,4.941642423,2.815408719,4,8.29404964,4,4,2,17.98989783,0,0,2,3,3,0,0,0,0,1,0,0,0,0,0,0,0,1,1,1,1,1,1,1,1
1.098612289,2.995732274,2.397895273,2,8.006367568,4,3,2,17.37085862,0,0,2,3,2,0,0,0,1,0,0,0,0,0,0,0,0,1,1,1,1,1,1,1,1
1.386294361,2.302585093,2.525728644,2,7.937374696,5,3,4,17.78580247,0,0,1,2,3,0,0,0,0,1,0,0,0,0,0,0,1,1,1,1,1,1,1,1,0
1.609437912,6.684611728,1.945910149,1,7.789454566,3,3,3,16.78592502,0,0,4,3,2,0,0,0,0,0,0,0,0,1,0,0,0,1,1,1,1,1,1,1,1
2.302585093,4.605170186,2.48490665,1,7.377758908,3,1,4,16.3412392,0,0,1,1,2,1,0,0,0,0,0,0,0,0,0,0,1,1,0,0,0,1,1,0,1
1.609437912,6.396929655,2.917770732,1,7.696212639,5,3,2,17.8044946,0,0,1,2,3,0,0,0,0,0,0,0,1,0,0,0,0,1,1,1,1,1,1,1,1
1.609437912,6.214608098,2.944438979,2,8.006367568,4,3,4,17.37085862,0,0,2,3,3,0,0,0,0,0,0,0,0,1,0,0,0,1,1,1,1,1,1,0,1
2.302585093,7.244227516,2.014903021,1,7.003065459,3,2,3,16.06680236,0,0,4,2,1,1,0,0,0,0,0,0,0,0,0,0,0,0,0,0,0,1,1,0,0
1.609437912,6.551080335,2.351375257,3,8.070906089,4,4,3,17.5882715,0,0,4,3,2,0,0,0,0,0,0,0,0,0,1,0,1,1,1,1,1,1,1,1,0
1.609437912,4.605170186,2.388762789,3,8.131530711,4,4,2,18.25816181,0,0,2,3,3,0,0,1,0,0,0,0,0,0,0,0,0,1,1,1,1,1,1,1,1
1.609437912,5.991464547,2.525728644,1,7.090076836,3,1,2,16.41820024,0,0,1,1,2,0,0,0,0,0,1,0,0,0,0,0,1,0,0,1,1,1,1,0,0
1.609437912,3.912023005,2.079441542,2,7.937374696,3,3,2,17.29675065,0,0,1,2,1,0,0,0,0,0,0,0,0,0,1,0,0,1,1,1,1,1,1,0,0
2.772588722,6.907755279,1.791759469,1,6.802394763,2,1,1,16.06680236,0,0,2,2,1,0,0,0,0,0,0,0,0,1,0,0,1,0,1,1,1,1,1,0,1
2.772588722,6.396929655,2.170195905,1,7.200424893,3,2,1,16.37273787,0,0,2,2,1,0,0,0,0,0,0,0,0,1,0,0,1,1,1,1,0,1,1,1,1
1.609437912,5.703782475,2.079441542,1,7.340835554,3,2,1,16.45456789,0,1,4,2,1,0,0,0,0,0,0,0,0,1,0,1,1,1,1,1,1,1,1,0,0
0.693147181,4.787491743,2.351375257,1,7.408530567,3,2,1,16.90655301,0,0,2,2,1,0,1,0,0,0,0,0,0,0,0,0,1,0,1,1,1,1,1,0,0
1.609437912,6.396929655,1.704748092,1,7.090076836,2,1,2,15.83041358,0,0,3,2,1,0,1,0,0,0,0,0,0,0,0,1,1,0,1,1,1,1,1,0,0
1.945910149,7.313220387,2.302585093,2,8.160518247,8,3,3,16.70588232,0,0,1,2,2,0,1,0,0,0,0,0,0,0,0,0,1,1,0,1,1,1,1,0,0
1.098612289,4.605170186,2.302585093,3,8.160518247,5,5,3,17.4661688,0,0,4,3,2,0,0,0,0,0,0,1,0,0,0,0,0,1,1,1,1,1,1,1,0
1.609437912,3.912023005,2.772588722,2,7.60090246,3,2,3,17.82284374,0,0,1,2,3,0,0,0,0,0,0,0,1,0,0,1,0,1,1,1,1,1,1,1,0
1.945910149,5.991464547,1.945910149,2,7.783224016,4,3,2,17.0736071,0,0,4,3,1,0,0,0,0,0,0,0,0,1,0,0,0,1,1,1,1,1,1,0,0
1.098612289,5.298317367,2.525728644,2,8.29404964,5,4,3,17.98989783,0,0,4,3,2,0,0,0,0,0,1,0,0,0,0,0,0,1,1,1,1,1,1,1,0
1.098612289,2.995732274,2.302585093,1,7.495541944,3,1,2,16.48965921,0,0,1,2,1,0,0,0,0,0,0,0,0,1,0,0,1,1,1,1,1,1,1,0,1
2.48490665,6.802394763,2.7047113,3,8.496990484,4,4,6,18.75715298,0,0,1,3,3,0,0,0,0,0,0,0,1,0,0,0,0,0,1,1,1,1,1,1,1
1.609437912,7.090076836,3.198673118,2,8.411832676,6,3,2,17.85856183,0,0,2,3,3,0,1,0,0,0,0,0,0,0,0,0,0,1,1,1,1,1,1,1,1
1.791759469,4.787491743,3.068052935,1,7.718685495,5,2,5,18.46947091,0,0,1,1,3,0,0,0,0,1,0,0,0,0,0,0,1,1,0,0,0,1,1,0,0
1.609437912,4.605170186,2.995732274,1,7.259116128,3,2,4,17.24949776,0,0,1,1,3,0,1,0,0,0,0,0,0,0,0,0,1,1,1,1,1,1,1,0,0
1.609437912,6.214608098,2.803360381,1,7.495541944,6,5,5,16.73328129,0,0,1,2,3,0,0,0,1,0,0,0,0,0,0,0,1,1,1,1,1,1,1,0,0
1.791759469,5.298317367,2.557227311,2,8.29404964,6,6,3,17.82284374,0,0,2,3,2,0,1,0,0,0,0,0,0,0,0,0,0,1,1,0,1,1,1,1,1
1.609437912,5.703782475,2.014903021,1,7.244227516,3,3,2,16.73328129,0,0,4,3,1,0,0,0,0,0,1,0,0,0,0,0,0,1,1,1,0,1,1,0,0
2.302585093,6.907755279,2.57261223,1,7.43838353,4,2,3,17.327056,0,0,2,2,2,0,0,0,0,0,0,1,0,0,0,0,0,1,1,1,1,1,1,1,1
1.386294361,5.010635294,3.113515309,1,7.467371067,3,1,2,17.68671157,0,0,1,2,3,0,0,0,1,0,0,0,0,0,0,0,1,1,1,1,1,1,1,0,1
1.791759469,3.912023005,3.054001182,1,7.408530567,3,2,5,17.09265529,0,0,1,1,3,0,0,0,0,0,0,0,0,0,1,0,1,1,1,1,1,1,1,0,0
1.609437912,5.521460918,1.945910149,2,7.696212639,4,3,2,17.0736071,0,0,4,3,2,0,0,0,0,0,0,0,0,1,0,0,0,1,1,1,1,1,1,0,0
2.397895273,7.003065459,2.251291799,2,8.188689124,4,4,2,17.29675065,0,0,4,3,1,0,0,0,0,0,1,0,0,0,0,0,0,0,1,1,0,1,1,0,0
2.079441542,4.605170186,1.840549633,2,7.60090246,3,3,2,17.45309672,0,0,4,3,1,0,0,1,0,0,0,0,0,0,0,0,0,1,1,1,1,1,1,1,0
2.48490665,3.912023005,2.879198457,2,7.549609165,3,2,9,16.61887094,0,0,1,2,3,1,0,0,0,0,0,0,0,0,0,0,1,1,0,1,1,1,1,0,0
2.302585093,7.090076836,1.791759469,2,7.696212639,6,4,0,16.28361009,0,0,3,2,1,0,1,0,0,0,0,0,0,0,0,1,1,1,0,1,1,0,1,1,0
1.609437912,5.298317367,2.48490665,2,8.318742253,4,2,2,17.22500674,0,0,1,2,2,0,0,0,0,0,1,0,0,0,0,0,1,1,1,1,1,1,1,1,0
1.609437912,6.907755279,2.397895273,2,8.216088099,5,4,2,17.4661688,0,0,2,3,1,0,0,0,0,0,0,0,0,0,1,0,0,1,1,1,1,1,1,1,1
2.708050201,3.912023005,2.708050201,1,7.549609165,3,1,4,16.70588232,0,0,1,2,3,0,1,0,0,0,0,0,0,0,0,0,1,1,1,0,1,1,1,0,0
1.609437912,5.703782475,2.302585093,1,7.090076836,3,2,4,16.48965921,0,0,1,1,2,0,0,0,0,0,0,0,0,0,1,0,1,1,1,1,0,1,1,0,0
0.693147181,2.302585093,1.945910149,2,7.824046011,3,3,2,16.45456789,0,0,3,2,1,1,0,0,0,0,0,0,0,0,0,0,0,1,1,0,1,1,1,0,0
2.197224577,5.010635294,2.862200881,2,8.006367568,4,3,4,18.25816181,0,0,1,2,3,0,0,0,0,1,0,0,0,0,0,0,1,1,1,1,1,1,1,0,1
1.791759469,6.396929655,2.014903021,2,7.696212639,4,4,1,17.0736071,0,0,1,2,1,0,0,0,0,0,0,0,0,0,1,0,1,1,1,1,1,1,1,1,1
2.079441542,3.912023005,1.386294361,2,7.60090246,3,2,1,16.30041721,0,0,2,2,1,0,0,0,0,0,0,0,0,0,0,0,1,0,0,0,1,1,1,0,1
2.708050201,7.313220387,2.412335957,2,8.342839804,5,4,3,17.85856183,0,0,2,3,2,0,0,1,0,0,0,0,0,0,0,0,0,1,1,1,1,1,1,1,0
1.791759469,7.244227516,1.871802177,2,7.696212639,4,2,2,17.01418368,0,0,1,2,1,0,0,0,0,0,0,0,1,0,0,0,1,0,0,0,1,1,1,0,0
1.609437912,5.298317367,2.890371758,5,9.047821442,6,6,3,19.29614948,0,0,2,3,2,0,0,0,0,1,0,0,0,0,0,0,0,1,1,1,1,1,1,1,1
2.397895273,7.313220387,2.1102132,1,7.258412151,3,3,2,16.48965921,0,0,4,2,2,0,0,0,0,0,0,0,0,1,0,0,1,1,1,1,1,1,1,0,0
1.098612289,5.298317367,1.824549292,1,7.365180126,3,3,1,16.67771144,0,0,4,3,1,0,0,0,1,0,0,0,0,0,0,0,0,1,1,1,1,1,1,0,0
2.48490665,5.521460918,2.246014742,2,7.60090246,5,2,2,17.18280639,0,0,2,2,2,0,0,0,0,0,0,0,0,0,0,0,1,1,1,1,1,1,1,0,1
1.609437912,4.605170186,2.772588722,2,8.496990484,4,4,3,18.19753719,0,0,2,3,3,0,0,0,0,1,0,0,0,0,0,0,0,1,1,1,1,1,1,1,1
1.791759469,6.620073207,2.302585093,2,8.268731832,4,4,1,17.71748323,0,0,4,3,1,0,0,0,0,0,0,0,0,0,1,0,0,1,1,1,1,1,1,1,0
1.386294361,5.857933154,2.302585093,2,7.937374696,4,4,3,17.14771507,0,0,4,3,2,1,0,0,0,0,0,0,0,0,0,0,0,1,1,0,1,1,1,1,0
1.945910149,6.551080335,2.128231706,2,8.160518247,5,3,2,17.28124646,0,0,1,2,2,0,0,0,0,0,0,0,1,0,0,0,1,0,1,1,1,1,1,0,0
2.708050201,7.313220387,2.302585093,2,7.824046011,5,3,2,16.67771144,0,0,4,3,2,0,0,0,1,0,0,0,0,0,0,1,1,1,0,0,1,1,1,0,0
1.609437912,4.605170186,2.48490665,1,7.402451521,3,1,3,17.04235455,0,0,1,1,3,0,1,0,0,0,0,0,0,0,0,0,1,0,1,0,1,1,1,0,0
1.386294361,6.802394763,2.32238772,3,7.937374696,4,3,2,17.19990082,0,0,1,2,1,0,0,0,0,0,0,0,0,0,1,0,1,1,1,1,0,1,1,0,0
1.609437912,5.703782475,1.945910149,2,7.937374696,5,3,1,17.19990082,0,1,4,3,1,1,0,0,0,0,0,0,0,0,0,0,0,1,1,0,1,1,1,1,0
1.791759469,2.995732274,2.079441542,3,8.29404964,8,7,3,17.77632373,0,0,1,2,1,0,0,1,0,0,0,0,0,0,0,0,0,1,1,1,1,1,1,0,0
1.609437912,5.298317367,0.722705983,3,7.444248649,4,3,1,16.55635058,0,0,2,3,1,0,0,1,0,0,0,0,0,0,0,0,1,1,1,1,1,1,1,0,1
2.302585093,5.703782475,1.871802177,2,7.824046011,5,4,2,17.11134742,0,0,4,3,1,0,0,0,0,0,0,0,0,1,0,1,1,1,1,1,1,1,1,1,0
3.295836866,7.313220387,2.302585093,1,7.279318835,3,2,1,16.05622025,0,0,4,2,1,0,0,0,0,0,0,0,0,1,0,0,1,1,1,0,1,1,1,0,0
2.079441542,3.912023005,2.351375257,2,8.160518247,4,3,2,17.45309672,0,0,2,3,1,0,0,0,0,1,0,0,0,0,0,0,0,1,1,0,1,1,1,1,1
0.693147181,3.912023005,3.068052935,2,8.173011312,4,4,4,18.46947091,0,0,1,2,3,0,0,0,0,0,0,0,1,0,0,0,0,1,1,1,1,1,1,1,1
1.945910149,5.010635294,2.302585093,3,8.330863613,4,4,1,17.45309672,0,0,4,3,1,0,0,0,0,0,0,0,0,1,0,0,0,1,1,1,1,1,1,0,0
2.995732274,5.521460918,2.740840024,1,7.60090246,3,2,5,16.51687177,0,0,2,2,2,0,0,0,0,0,0,0,1,0,0,0,1,0,0,1,1,0,1,0,1
2.302585093,4.605170186,1.704748092,2,7.824046011,4,2,1,16.79104012,0,0,3,2,1,0,0,0,0,0,0,1,0,0,0,1,1,1,1,1,1,1,1,0,0
1.609437912,4.605170186,1.791759469,1,7.377758908,3,2,1,17.21670794,0,0,3,3,1,0,0,1,0,0,0,0,0,0,0,0,0,1,1,1,1,1,1,0,0
1.945910149,3.912023005,2.833213344,2,7.937374696,5,3,4,17.29675065,0,0,1,3,3,0,0,0,0,0,1,0,0,0,0,1,0,1,1,0,1,1,1,0,1
1.609437912,5.991464547,2.63905733,2,8.006367568,4,4,3,17.37085862,0,0,2,3,2,0,0,0,0,0,0,0,1,0,0,0,1,1,1,1,1,1,1,1,0
0.693147181,3.912023005,2.772588722,2,8.135053909,5,3,10,17.327056,0,0,4,3,3,0,0,0,0,0,0,0,0,1,0,0,0,1,1,1,1,1,1,1,0
1.609437912,5.010635294,1.902107526,2,7.60090246,3,3,3,16.92902587,1,0,3,3,1,1,0,0,0,0,0,0,0,0,0,0,0,0,1,0,1,1,1,1,0
2.079441542,7.313220387,2.079441542,2,8.188689124,5,4,2,17.37085862,0,0,1,3,1,0,0,0,0,0,1,0,0,0,0,0,1,1,1,1,1,1,1,1,0
1.609437912,5.010635294,3.931825633,2,8.006367568,4,3,5,18.46947091,0,0,1,3,3,0,0,0,0,0,0,0,0,0,1,0,0,1,1,1,1,1,1,1,1
1.791759469,7.313220387,1.808288771,1,6.856461985,3,2,1,16.25785759,0,0,4,3,1,0,0,0,1,0,0,0,0,0,0,0,0,1,1,1,1,1,1,0,0
2.48490665,6.214608098,2.397895273,2,8.006367568,4,2,2,17.72753356,0,0,1,2,2,0,0,1,0,0,0,0,0,0,0,0,1,1,0,1,1,1,1,0,0
1.791759469,4.605170186,1.945910149,2,7.60090246,3,2,2,16.52356076,0,0,2,3,1,1,0,0,0,0,0,0,0,0,0,0,0,0,1,0,0,1,1,0,0
2.302585093,6.907755279,2.995732274,2,8.006367568,5,4,10,16.92902587,0,0,2,3,3,0,0,0,0,0,0,1,0,0,0,0,0,0,0,0,1,1,1,1,1
1.386294361,5.521460918,2.302585093,2,7.937374696,5,4,3,17.12969656,0,0,4,3,2,0,0,0,0,0,1,0,0,0,0,0,0,1,1,0,1,1,1,0,0
1.098612289,4.605170186,2.251291799,3,8.160518247,5,5,3,17.43985149,0,0,4,3,2,0,0,0,0,0,0,1,0,0,0,0,0,1,1,1,1,1,1,1,0
1.791759469,5.703782475,2.525728644,3,8.779557456,6,5,3,17.59970019,0,0,3,3,2,0,0,0,0,0,0,0,0,0,1,0,1,1,1,1,0,0,0,1,0
2.302585093,5.703782475,2.302585093,2,7.824046011,6,2,2,17.0736071,0,0,4,3,1,0,0,0,0,0,1,0,0,0,0,0,1,0,1,1,1,1,1,0,0
1.945910149,5.298317367,2.708050201,3,8.268731832,4,3,6,18.09217668,0,0,3,3,3,0,0,0,0,1,0,0,0,0,0,0,0,1,1,1,1,1,1,1,1
1.386294361,5.857933154,1.954445052,3,8.144679183,4,4,2,17.19990082,0,0,2,3,1,0,0,0,0,0,0,0,0,0,1,1,1,1,1,1,1,1,1,1,1
1.609437912,5.010635294,2.48490665,2,8.476371197,6,5,3,17.98989783,0,0,3,3,2,0,0,0,0,0,1,0,0,0,0,0,0,1,1,1,1,1,1,1,1
2.48490665,7.090076836,2.302585093,1,7.467371067,4,3,2,16.73328129,0,0,4,3,1,0,0,0,0,0,0,0,0,1,0,0,0,0,1,1,1,1,1,1,0
2.302585093,6.551080335,2.235376343,1,6.924612396,2,1,3,15.83041358,0,0,1,1,2,1,0,0,0,0,0,0,0,0,0,0,1,0,1,0,0,1,1,0,1
1.098612289,5.991464547,3.044522438,2,7.824046011,3,1,5,17.70733086,0,0,1,2,3,0,0,0,0,0,0,0,0,0,1,0,0,1,1,1,1,1,1,1,1
1.609437912,2.995732274,1.8017098,3,8.411832676,8,9,1,17.56501463,0,0,3,3,1,0,0,0,0,0,0,0,0,0,0,0,0,1,1,1,1,1,1,1,1
1.609437912,5.298317367,3.326832966,1,8.699514748,8,4,2,17.82284374,0,0,1,2,3,0,0,0,0,0,1,0,0,0,0,0,1,1,1,1,1,1,1,0,1
2.63905733,5.521460918,1.791759469,1,7.090076836,3,3,0,16.3412392,0,0,3,2,1,0,0,0,0,0,0,0,0,1,0,0,0,1,1,1,1,1,1,0,1
1.098612289,5.298317367,1.791759469,3,8.091321274,5,4,2,17.86729551,0,0,4,3,1,0,0,0,0,0,0,0,0,0,0,0,0,1,1,1,0,1,1,1,0
2.833213344,5.521460918,1.945910149,3,8.086410275,5,3,2,16.97251098,0,0,2,2,1,0,0,0,0,0,0,0,0,1,0,0,0,1,1,1,1,1,1,1,1
1.386294361,4.605170186,2.144761008,2,7.824046011,4,2,1,16.99356439,0,0,1,2,1,0,0,0,1,0,0,0,0,0,0,0,1,1,1,1,1,1,1,0,0
1.791759469,3.912023005,2.302585093,2,7.803843304,5,5,3,16.58182967,0,0,1,2,2,0,1,0,0,0,0,0,0,0,0,0,1,0,0,0,1,1,1,0,0
1.609437912,6.551080335,1.791759469,2,7.824046011,5,2,1,16.95100477,0,0,4,3,1,1,0,0,0,0,0,0,0,0,0,0,0,0,1,1,1,1,1,0,0
1.609437912,5.991464547,2.302585093,1,7.313220387,3,2,4,15.97883358,0,0,1,2,3,1,0,0,0,0,0,0,0,0,0,0,1,0,0,0,0,1,1,0,0
2.302585093,6.907755279,2.104134154,3,8.526351129,10,7,2,17.68671157,0,0,1,3,1,0,0,0,0,0,0,0,1,0,0,0,0,1,1,1,1,1,1,1,1
1.791759469,1.609437912,2.564949357,2,8.070906089,6,4,5,17.21670794,0,0,1,1,2,0,0,0,0,0,0,0,0,0,1,0,1,1,1,1,1,1,1,0,0
1.609437912,4.605170186,2.995732274,1,8.006367568,4,4,4,17.11134742,0,0,2,2,3,0,0,0,0,0,1,0,0,0,0,0,0,0,0,1,1,1,1,0,1
1.791759469,4.605170186,2.63905733,1,7.522940918,4,2,3,16.06680236,0,0,1,1,3,0,0,0,1,0,0,0,0,0,0,0,1,1,0,0,0,1,1,0,0
2.48490665,6.684611728,2.525728644,1,7.426549072,4,2,4,16.70588232,0,0,4,3,2,0,0,0,1,0,0,0,0,0,0,0,0,1,0,1,1,1,1,0,0
1.609437912,5.991464547,2.48490665,3,8.29404964,6,6,3,17.98989783,0,0,1,3,2,0,0,0,0,0,0,0,1,0,0,0,0,1,1,1,1,1,1,0,1
1.609437912,5.298317367,2.63905733,2,7.863266724,6,2,3,16.92902587,0,0,1,3,2,1,0,0,0,0,0,0,0,0,0,0,0,1,1,0,0,1,1,1,0
1.386294361,5.298317367,2.533696814,2,8.268731832,4,4,12,18.03501826,0,0,1,3,3,0,0,0,0,0,0,0,1,0,0,0,0,1,1,1,1,1,1,1,1
1.609437912,6.551080335,1.791759469,1,7.003065459,3,2,1,16.45456789,0,0,4,2,1,1,0,0,0,0,0,0,0,0,0,0,0,0,1,1,1,1,1,0,0
2.079441542,6.109247583,2.341805806,2,7.549609165,3,2,1,18.0640058,0,0,1,3,2,0,0,0,0,0,0,0,1,0,0,0,0,1,1,1,1,1,1,1,1
1.791759469,5.991464547,2.140066163,1,7.244227516,3,2,2,16.6487239,0,0,4,2,1,0,0,0,0,0,1,0,0,0,0,0,0,1,1,1,1,1,1,1,1
1.945910149,5.703782475,2.744060639,1,7.60090246,4,2,3,17.43503993,0,0,1,2,2,0,0,0,0,1,0,0,0,0,0,0,0,1,1,0,1,1,1,0,1
1.609437912,6.551080335,1.945910149,2,8.101677747,3,2,2,17.50439001,0,0,2,3,1,0,0,0,0,0,0,0,0,0,1,0,0,1,1,1,1,1,1,1,1
2.890371758,5.010635294,2.397895273,2,7.803843304,4,3,3,16.61887094,0,0,1,2,2,0,0,0,0,0,0,0,0,0,1,0,1,1,0,0,1,1,1,0,0
1.791759469,6.684611728,2.302585093,2,7.687080156,4,3,2,16.61887094,0,0,2,3,2,0,0,0,1,0,0,0,0,0,0,0,0,1,1,1,1,1,1,0,0
1.945910149,4.605170186,2.302585093,1,7.207859871,3,2,3,16.45456789,0,0,3,2,2,1,0,0,0,0,0,0,0,0,0,0,0,1,1,1,0,1,1,0,0
2.302585093,7.090076836,2.397895273,1,7.229838778,2,2,2,16.52356076,0,0,1,2,2,0,0,0,1,0,0,0,0,0,0,0,1,0,0,0,1,1,1,0,0
2.079441542,5.703782475,2.517696473,3,8.77183541,6,5,3,17.59970019,0,0,3,3,2,0,0,0,0,0,0,0,0,0,1,0,0,1,1,1,1,1,1,1,0
1.386294361,4.787491743,2.302585093,2,7.090076836,3,2,2,16.95100477,0,0,2,2,2,0,1,0,0,0,0,0,0,0,0,1,0,0,1,1,1,1,1,0,0
1.609437912,5.703782475,2.351375257,2,8.006367568,4,3,3,17.29675065,0,1,4,3,2,0,0,0,1,0,0,0,0,0,0,0,0,1,1,1,1,1,1,1,0
1.609437912,4.605170186,2.302585093,2,8.006367568,5,4,2,17.50439001,0,0,3,3,2,0,0,0,0,0,0,0,0,1,0,0,0,1,1,1,1,1,1,1,1
1.609437912,5.298317367,2.014903021,2,7.60090246,4,2,2,16.73328129,0,0,1,3,1,0,0,0,1,0,0,0,0,0,0,0,0,1,1,1,1,1,1,0,0
1.098612289,5.298317367,2.708050201,2,8.29404964,4,4,6,17.77632373,0,0,4,3,2,0,0,0,0,0,0,0,0,0,1,0,0,1,1,1,1,1,1,1,0
1.609437912,6.802394763,1.609437912,1,6.907755279,2,1,2,16.6487239,0,0,4,2,1,0,0,1,0,0,0,0,0,0,0,0,1,1,1,1,1,1,1,0,0
1.791759469,6.214608098,2.351375257,2,7.783224016,3,2,4,16.95100477,0,0,1,2,2,0,0,0,0,0,1,0,0,0,0,0,1,1,1,1,1,1,1,0,0
1.609437912,1.609437912,2.525728644,2,8.29404964,5,4,4,17.2654981,0,0,2,3,3,0,1,0,0,0,0,0,0,0,0,0,0,0,1,1,1,1,1,0,0
1.609437912,6.684611728,2.884800713,2,8.342839804,6,5,2,18.0640058,0,0,4,3,2,0,0,0,0,0,0,0,1,0,0,1,1,1,1,1,1,1,0,0,0
1.609437912,6.907755279,2.397895273,1,7.467371067,4,3,3,16.73328129,1,0,4,2,2,0,0,0,0,0,0,0,0,1,0,0,0,1,1,1,1,1,1,0,0
1.609437912,5.010635294,2.459588842,2,8.29404964,5,3,1,17.79519221,0,0,1,2,2,0,0,0,0,1,0,0,0,0,0,0,1,1,0,1,1,1,1,0,1
2.197224577,7.313220387,2.014903021,1,7.495541944,2,1,0,15.8949521,0,0,1,2,1,0,0,0,0,0,0,0,0,1,0,0,1,0,0,0,0,1,1,0,1
1.609437912,4.605170186,2.302585093,3,8.871365005,6,9,5,18.56044269,0,0,2,3,2,0,0,0,0,0,0,0,0,0,0,0,0,1,1,1,1,1,1,1,0
2.302585093,6.551080335,2.397895273,1,7.244227516,3,2,2,16.67771144,0,0,4,3,2,1,0,0,0,0,0,0,0,0,0,0,0,1,0,0,1,1,1,1,0
2.302585093,6.907755279,1.609437912,2,7.222566019,2,2,0,16.06680236,0,0,1,1,1,0,0,0,0,0,1,0,0,0,0,1,1,1,1,1,1,1,1,0,0
2.63905733,7.090076836,2.302585093,1,7.377758908,3,2,2,16.01273514,0,0,1,1,1,0,0,0,1,0,0,0,0,0,0,1,1,0,0,0,1,0,0,0,0
1.609437912,5.991464547,2.302585093,2,7.901007052,4,4,2,17.90985512,0,0,2,3,2,0,0,1,0,0,0,0,0,0,0,0,0,0,1,1,1,1,1,1,1
1.609437912,5.703782475,2.079441542,1,7.090076836,2,1,3,16.55635058,0,0,1,1,2,0,1,0,0,0,0,0,0,0,0,0,1,0,0,1,1,1,1,0,0
2.302585093,7.313220387,2.302585093,2,7.955074273,3,2,2,17.09265529,0,0,1,1,2,0,0,0,0,0,0,0,1,0,0,0,1,0,0,1,1,1,1,0,0
2.63905733,5.991464547,2.995732274,2,8.010359589,5,4,8,17.01418368,0,0,4,3,3,0,0,0,0,0,0,0,0,1,0,0,0,1,1,1,1,1,1,1,0
1.609437912,2.995732274,2.63905733,2,7.740664402,3,3,4,17.72753356,0,0,1,2,3,0,0,1,0,0,0,0,0,0,0,0,1,1,1,1,1,1,1,0,1
2.564949357,5.703782475,2.091864062,1,7.311886164,3,2,1,16.99356439,0,0,1,2,1,0,0,0,0,0,0,0,0,0,0,0,1,0,1,1,1,1,1,0,0
2.302585093,6.907755279,1.791759469,1,6.253828812,2,1,1,16.21340583,0,0,1,1,1,0,0,0,0,0,0,0,0,0,0,0,1,1,0,0,1,1,1,0,1
1.609437912,6.214608098,2.708050201,2,7.244227516,2,1,5,16.90655301,0,0,2,2,3,0,0,0,1,0,0,0,0,0,0,1,1,0,0,1,1,1,1,0,0
1.609437912,5.298317367,2.397895273,2,7.495541944,4,2,2,17.21670794,0,0,1,2,2,0,1,0,0,0,0,0,0,0,0,0,0,1,1,1,1,1,1,0,0
1.609437912,6.214608098,2.63905733,1,7.60090246,4,2,2,16.50335805,0,0,2,2,2,0,0,0,0,0,0,0,0,1,0,0,1,1,1,1,1,1,1,0,1
2.48490665,6.396929655,2.079441542,2,7.640123173,3,2,1,16.06680236,0,0,1,2,1,0,1,0,0,0,0,0,0,0,0,0,1,0,1,0,1,1,1,0,0
1.609437912,6.214608098,2.674148649,3,8.411832676,4,5,4,17.43985149,0,0,4,3,2,0,0,0,1,0,0,0,0,0,0,0,0,1,1,1,1,1,1,1,0
1.386294361,4.317488114,2.656756907,1,8.29404964,4,3,1,17.57671067,0,0,2,2,2,0,0,0,0,0,0,0,0,0,0,0,1,1,1,1,1,1,1,1,1
1.791759469,2.302585093,2.140066163,2,7.972466016,4,3,2,16.92902587,0,0,4,3,1,0,0,0,1,0,0,0,0,0,0,0,0,1,1,1,1,1,1,1,0
1.945910149,5.010635294,2.557227311,1,7.522940918,3,2,3,16.6487239,0,0,1,2,1,0,0,0,0,0,0,0,0,0,1,0,1,1,1,1,1,1,1,0,0
1.945910149,5.298317367,2.312535424,2,7.762170607,3,3,2,17.45309672,0,0,1,3,2,0,0,0,0,0,0,0,0,0,1,0,0,1,1,1,1,1,1,1,1
2.564949357,6.551080335,0.693147181,2,6.907755279,3,3,0,16.41820024,0,0,2,2,1,0,0,1,0,0,0,0,0,0,0,1,1,0,1,1,1,1,1,0,0
1.609437912,5.521460918,2.079441542,2,8.088254727,4,4,1,17.16541465,0,0,1,3,2,0,0,0,0,0,0,0,0,1,0,0,0,1,1,1,1,1,1,0,1
0.693147181,3.912023005,2.48490665,1,7.495541944,4,2,2,16.95100477,0,0,2,2,2,0,1,0,0,0,0,0,0,0,0,0,0,1,1,0,1,1,1,1,1
1.609437912,4.605170186,2.890371758,1,7.313220387,2,1,8,16.84564426,0,0,1,1,3,1,0,0,0,0,0,0,0,0,0,0,1,0,1,0,1,1,1,1,0
1.609437912,4.605170186,1.945910149,1,7.783224016,3,3,2,16.78592502,0,0,4,2,2,0,0,0,0,0,0,0,0,1,0,0,0,1,1,1,1,1,1,0,0
1.609437912,7.60090246,1.791759469,1,7.313220387,2,2,1,16.05622025,0,0,1,1,1,0,0,0,1,0,0,0,0,0,0,0,1,0,0,0,1,1,1,0,0
1.609437912,5.703782475,2.525728644,2,8.779557456,6,5,3,17.59970019,0,0,2,3,1,0,0,0,0,0,0,0,0,0,1,0,0,1,1,1,1,1,1,1,1
0.693147181,2.995732274,3.583518938,2,7.783224016,4,3,10,18.31532023,0,0,1,2,3,0,0,0,0,0,0,0,0,0,1,0,1,1,1,1,1,1,1,0,0
1.945910149,6.214608098,2.917770732,1,8.699514748,4,2,3,16.90655301,0,0,1,2,2,0,0,0,1,0,0,0,0,0,0,0,1,0,1,1,1,1,1,0,0
1.945910149,6.380122537,2.564949357,2,7.53369371,3,2,4,17.12969656,0,0,3,2,2,0,0,0,0,0,0,0,1,0,0,0,1,0,1,1,1,1,1,0,0
2.48490665,1.609437912,1.987874348,1,7.377758908,4,2,1,17.37085862,0,0,1,2,1,0,0,1,0,0,0,0,0,0,0,0,1,1,1,1,1,1,1,0,1
1.609437912,5.010635294,2.140066163,2,8.160518247,6,4,3,17.68671157,0,0,3,3,1,0,1,0,0,0,0,0,0,0,0,0,0,1,1,1,1,1,1,1,0
1.098612289,4.605170186,2.995732274,1,8.29404964,5,3,4,17.4790722,0,0,1,1,3,0,0,0,1,0,0,0,0,0,0,0,1,1,1,0,1,1,1,0,0
2.48490665,7.60090246,2.197224577,2,8.29404964,4,4,3,17.09265529,0,0,4,3,1,0,0,0,0,0,0,0,0,1,0,0,1,1,1,1,1,1,1,0,0
2.079441542,6.684611728,2.772588722,2,8.006367568,4,4,3,17.78580247,0,0,4,3,3,0,0,0,0,0,0,0,0,0,1,0,0,1,1,1,1,1,1,1,0
1.609437912,6.214608098,2.302585093,2,7.696212639,3,3,2,17.03438638,0,0,2,2,1,1,0,0,0,0,0,0,0,0,0,0,0,1,1,1,1,1,1,1,1
